<?xml version="1.0" encoding="utf-8" ?>
<rss version="2.0">
<channel>
<title>기상청 육상 중기예보</title>
<link>http://www.kma.go.kr/weather/forecast/mid-term_01.jsp</link>
<description>기상청 날씨 웹서비스</description>
<language>ko</language>
<generator>기상청</generator>
<pubDate>2018년 01월 14일 (일)요일 18:00</pubDate>
 <item>
<author>기상청</author>
<category>육상중기예보</category>
<title>전국 육상 중기예보 - 2018년 01월 14일 (일)요일 18:00 발표</title>
<link>http://www.kma.go.kr/weather/forecast/mid-term_01.jsp</link>
<guid>http://www.kma.go.kr/weather/forecast/mid-term_01.jsp</guid>
<description>
	<header>
		<title>전국 육상중기예보</title>
		<tm>201801141800</tm>
		<wf><![CDATA[기압골의 영향으로 17일은 강원영동과 충청도, 남부지방, 제주도에, 22일은 제주도에 비가 오겠습니다.<br />그 밖의 날은 고기압의 가장자리에 들어 가끔 구름많겠습니다. <br />기온은 평년(최저기온: -12~0도, 최고기온: 1~8도)보다 조금 높겠습니다.<br />강수량은 평년(0~3mm)과 비슷하겠으나, 서울.경기도와 강원영서는 적겠습니다.]]></wf>
	</header>
	<body>
				

		<location wl_ver="3">
				<province>서울ㆍ인천ㆍ경기도</province>
				<city>서울</city>
				
				<data>
					<mode>A02</mode>
					<tmEf>2018-01-17 00:00</tmEf>
					<wf>구름많음</wf>
					<tmn>1</tmn>
					<tmx>6</tmx>
					<reliability>낮음</reliability>
				</data>

				
				<data>
					<mode>A02</mode>
					<tmEf>2018-01-17 12:00</tmEf>
					<wf>구름많음</wf>
					<tmn>1</tmn>
					<tmx>6</tmx>
					<reliability>보통</reliability>
				</data>

				
				<data>
					<mode>A02</mode>
					<tmEf>2018-01-18 00:00</tmEf>
					<wf>구름조금</wf>
					<tmn>-2</tmn>
					<tmx>5</tmx>
					<reliability>보통</reliability>
				</data>

				
				<data>
					<mode>A02</mode>
					<tmEf>2018-01-18 12:00</tmEf>
					<wf>구름조금</wf>
					<tmn>-2</tmn>
					<tmx>5</tmx>
					<reliability>보통</reliability>
				</data>

				
				<data>
					<mode>A02</mode>
					<tmEf>2018-01-19 00:00</tmEf>
					<wf>구름조금</wf>
					<tmn>-5</tmn>
					<tmx>4</tmx>
					<reliability>보통</reliability>
				</data>

				
				<data>
					<mode>A02</mode>
					<tmEf>2018-01-19 12:00</tmEf>
					<wf>구름조금</wf>
					<tmn>-5</tmn>
					<tmx>4</tmx>
					<reliability>높음</reliability>
				</data>

				
				<data>
					<mode>A02</mode>
					<tmEf>2018-01-20 00:00</tmEf>
					<wf>구름조금</wf>
					<tmn>-4</tmn>
					<tmx>2</tmx>
					<reliability>높음</reliability>
				</data>

				
				<data>
					<mode>A02</mode>
					<tmEf>2018-01-20 12:00</tmEf>
					<wf>구름조금</wf>
					<tmn>-4</tmn>
					<tmx>2</tmx>
					<reliability>보통</reliability>
				</data>

				
				<data>
					<mode>A02</mode>
					<tmEf>2018-01-21 00:00</tmEf>
					<wf>구름많음</wf>
					<tmn>-5</tmn>
					<tmx>3</tmx>
					<reliability>보통</reliability>
				</data>

				
				<data>
					<mode>A02</mode>
					<tmEf>2018-01-21 12:00</tmEf>
					<wf>구름많음</wf>
					<tmn>-5</tmn>
					<tmx>3</tmx>
					<reliability>보통</reliability>
				</data>

				
				<data>
					<mode>A01</mode>
					<tmEf>2018-01-22 00:00</tmEf>
					<wf>구름많음</wf>
					<tmn>-4</tmn>
					<tmx>2</tmx>
					<reliability>낮음</reliability>
				</data>

				
				<data>
					<mode>A01</mode>
					<tmEf>2018-01-23 00:00</tmEf>
					<wf>구름많음</wf>
					<tmn>-5</tmn>
					<tmx>-1</tmx>
					<reliability>보통</reliability>
				</data>

				
				<data>
					<mode>A01</mode>
					<tmEf>2018-01-24 00:00</tmEf>
					<wf>구름조금</wf>
					<tmn>-8</tmn>
					<tmx>-3</tmx>
					<reliability>보통</reliability>
				</data>


		</location>

		<location wl_ver="3">
				<province>서울ㆍ인천ㆍ경기도</province>
				<city>인천</city>
				
				<data>
					<mode>A02</mode>
					<tmEf>2018-01-17 00:00</tmEf>
					<wf>구름많음</wf>
					<tmn>1</tmn>
					<tmx>5</tmx>
					<reliability>낮음</reliability>
				</data>

				
				<data>
					<mode>A02</mode>
					<tmEf>2018-01-17 12:00</tmEf>
					<wf>구름많음</wf>
					<tmn>1</tmn>
					<tmx>5</tmx>
					<reliability>보통</reliability>
				</data>

				
				<data>
					<mode>A02</mode>
					<tmEf>2018-01-18 00:00</tmEf>
					<wf>구름조금</wf>
					<tmn>-2</tmn>
					<tmx>4</tmx>
					<reliability>보통</reliability>
				</data>

				
				<data>
					<mode>A02</mode>
					<tmEf>2018-01-18 12:00</tmEf>
					<wf>구름조금</wf>
					<tmn>-2</tmn>
					<tmx>4</tmx>
					<reliability>보통</reliability>
				</data>

				
				<data>
					<mode>A02</mode>
					<tmEf>2018-01-19 00:00</tmEf>
					<wf>구름조금</wf>
					<tmn>-5</tmn>
					<tmx>3</tmx>
					<reliability>보통</reliability>
				</data>

				
				<data>
					<mode>A02</mode>
					<tmEf>2018-01-19 12:00</tmEf>
					<wf>구름조금</wf>
					<tmn>-5</tmn>
					<tmx>3</tmx>
					<reliability>높음</reliability>
				</data>

				
				<data>
					<mode>A02</mode>
					<tmEf>2018-01-20 00:00</tmEf>
					<wf>구름조금</wf>
					<tmn>-3</tmn>
					<tmx>1</tmx>
					<reliability>높음</reliability>
				</data>

				
				<data>
					<mode>A02</mode>
					<tmEf>2018-01-20 12:00</tmEf>
					<wf>구름조금</wf>
					<tmn>-3</tmn>
					<tmx>1</tmx>
					<reliability>보통</reliability>
				</data>

				
				<data>
					<mode>A02</mode>
					<tmEf>2018-01-21 00:00</tmEf>
					<wf>구름많음</wf>
					<tmn>-4</tmn>
					<tmx>2</tmx>
					<reliability>보통</reliability>
				</data>

				
				<data>
					<mode>A02</mode>
					<tmEf>2018-01-21 12:00</tmEf>
					<wf>구름많음</wf>
					<tmn>-4</tmn>
					<tmx>2</tmx>
					<reliability>보통</reliability>
				</data>

				
				<data>
					<mode>A01</mode>
					<tmEf>2018-01-22 00:00</tmEf>
					<wf>구름많음</wf>
					<tmn>-3</tmn>
					<tmx>1</tmx>
					<reliability>낮음</reliability>
				</data>

				
				<data>
					<mode>A01</mode>
					<tmEf>2018-01-23 00:00</tmEf>
					<wf>구름많음</wf>
					<tmn>-5</tmn>
					<tmx>-1</tmx>
					<reliability>보통</reliability>
				</data>

				
				<data>
					<mode>A01</mode>
					<tmEf>2018-01-24 00:00</tmEf>
					<wf>구름조금</wf>
					<tmn>-7</tmn>
					<tmx>-3</tmx>
					<reliability>보통</reliability>
				</data>


		</location>

		<location wl_ver="3">
				<province>서울ㆍ인천ㆍ경기도</province>
				<city>수원</city>
				
				<data>
					<mode>A02</mode>
					<tmEf>2018-01-17 00:00</tmEf>
					<wf>구름많음</wf>
					<tmn>1</tmn>
					<tmx>6</tmx>
					<reliability>낮음</reliability>
				</data>

				
				<data>
					<mode>A02</mode>
					<tmEf>2018-01-17 12:00</tmEf>
					<wf>구름많음</wf>
					<tmn>1</tmn>
					<tmx>6</tmx>
					<reliability>보통</reliability>
				</data>

				
				<data>
					<mode>A02</mode>
					<tmEf>2018-01-18 00:00</tmEf>
					<wf>구름조금</wf>
					<tmn>-2</tmn>
					<tmx>5</tmx>
					<reliability>보통</reliability>
				</data>

				
				<data>
					<mode>A02</mode>
					<tmEf>2018-01-18 12:00</tmEf>
					<wf>구름조금</wf>
					<tmn>-2</tmn>
					<tmx>5</tmx>
					<reliability>보통</reliability>
				</data>

				
				<data>
					<mode>A02</mode>
					<tmEf>2018-01-19 00:00</tmEf>
					<wf>구름조금</wf>
					<tmn>-5</tmn>
					<tmx>4</tmx>
					<reliability>보통</reliability>
				</data>

				
				<data>
					<mode>A02</mode>
					<tmEf>2018-01-19 12:00</tmEf>
					<wf>구름조금</wf>
					<tmn>-5</tmn>
					<tmx>4</tmx>
					<reliability>높음</reliability>
				</data>

				
				<data>
					<mode>A02</mode>
					<tmEf>2018-01-20 00:00</tmEf>
					<wf>구름조금</wf>
					<tmn>-4</tmn>
					<tmx>2</tmx>
					<reliability>높음</reliability>
				</data>

				
				<data>
					<mode>A02</mode>
					<tmEf>2018-01-20 12:00</tmEf>
					<wf>구름조금</wf>
					<tmn>-4</tmn>
					<tmx>2</tmx>
					<reliability>보통</reliability>
				</data>

				
				<data>
					<mode>A02</mode>
					<tmEf>2018-01-21 00:00</tmEf>
					<wf>구름많음</wf>
					<tmn>-5</tmn>
					<tmx>3</tmx>
					<reliability>보통</reliability>
				</data>

				
				<data>
					<mode>A02</mode>
					<tmEf>2018-01-21 12:00</tmEf>
					<wf>구름많음</wf>
					<tmn>-5</tmn>
					<tmx>3</tmx>
					<reliability>보통</reliability>
				</data>

				
				<data>
					<mode>A01</mode>
					<tmEf>2018-01-22 00:00</tmEf>
					<wf>구름많음</wf>
					<tmn>-4</tmn>
					<tmx>2</tmx>
					<reliability>낮음</reliability>
				</data>

				
				<data>
					<mode>A01</mode>
					<tmEf>2018-01-23 00:00</tmEf>
					<wf>구름많음</wf>
					<tmn>-5</tmn>
					<tmx>-1</tmx>
					<reliability>보통</reliability>
				</data>

				
				<data>
					<mode>A01</mode>
					<tmEf>2018-01-24 00:00</tmEf>
					<wf>구름조금</wf>
					<tmn>-8</tmn>
					<tmx>-3</tmx>
					<reliability>보통</reliability>
				</data>


		</location>

		<location wl_ver="3">
				<province>서울ㆍ인천ㆍ경기도</province>
				<city>파주</city>
				
				<data>
					<mode>A02</mode>
					<tmEf>2018-01-17 00:00</tmEf>
					<wf>구름많음</wf>
					<tmn>-4</tmn>
					<tmx>6</tmx>
					<reliability>낮음</reliability>
				</data>

				
				<data>
					<mode>A02</mode>
					<tmEf>2018-01-17 12:00</tmEf>
					<wf>구름많음</wf>
					<tmn>-4</tmn>
					<tmx>6</tmx>
					<reliability>보통</reliability>
				</data>

				
				<data>
					<mode>A02</mode>
					<tmEf>2018-01-18 00:00</tmEf>
					<wf>구름조금</wf>
					<tmn>-7</tmn>
					<tmx>3</tmx>
					<reliability>보통</reliability>
				</data>

				
				<data>
					<mode>A02</mode>
					<tmEf>2018-01-18 12:00</tmEf>
					<wf>구름조금</wf>
					<tmn>-7</tmn>
					<tmx>3</tmx>
					<reliability>보통</reliability>
				</data>

				
				<data>
					<mode>A02</mode>
					<tmEf>2018-01-19 00:00</tmEf>
					<wf>구름조금</wf>
					<tmn>-10</tmn>
					<tmx>2</tmx>
					<reliability>보통</reliability>
				</data>

				
				<data>
					<mode>A02</mode>
					<tmEf>2018-01-19 12:00</tmEf>
					<wf>구름조금</wf>
					<tmn>-10</tmn>
					<tmx>2</tmx>
					<reliability>높음</reliability>
				</data>

				
				<data>
					<mode>A02</mode>
					<tmEf>2018-01-20 00:00</tmEf>
					<wf>구름조금</wf>
					<tmn>-10</tmn>
					<tmx>1</tmx>
					<reliability>높음</reliability>
				</data>

				
				<data>
					<mode>A02</mode>
					<tmEf>2018-01-20 12:00</tmEf>
					<wf>구름조금</wf>
					<tmn>-10</tmn>
					<tmx>1</tmx>
					<reliability>보통</reliability>
				</data>

				
				<data>
					<mode>A02</mode>
					<tmEf>2018-01-21 00:00</tmEf>
					<wf>구름많음</wf>
					<tmn>-10</tmn>
					<tmx>2</tmx>
					<reliability>보통</reliability>
				</data>

				
				<data>
					<mode>A02</mode>
					<tmEf>2018-01-21 12:00</tmEf>
					<wf>구름많음</wf>
					<tmn>-10</tmn>
					<tmx>2</tmx>
					<reliability>보통</reliability>
				</data>

				
				<data>
					<mode>A01</mode>
					<tmEf>2018-01-22 00:00</tmEf>
					<wf>구름많음</wf>
					<tmn>-7</tmn>
					<tmx>1</tmx>
					<reliability>낮음</reliability>
				</data>

				
				<data>
					<mode>A01</mode>
					<tmEf>2018-01-23 00:00</tmEf>
					<wf>구름많음</wf>
					<tmn>-9</tmn>
					<tmx>-1</tmx>
					<reliability>보통</reliability>
				</data>

				
				<data>
					<mode>A01</mode>
					<tmEf>2018-01-24 00:00</tmEf>
					<wf>구름조금</wf>
					<tmn>-12</tmn>
					<tmx>-6</tmx>
					<reliability>보통</reliability>
				</data>


		</location>



		<location wl_ver="3">
				<province>강원도영서</province>
				<city>춘천</city>
				
				<data>
					<mode>A02</mode>
					<tmEf>2018-01-17 00:00</tmEf>
					<wf>구름많음</wf>
					<tmn>-2</tmn>
					<tmx>7</tmx>
					<reliability>낮음</reliability>
				</data>

				
				<data>
					<mode>A02</mode>
					<tmEf>2018-01-17 12:00</tmEf>
					<wf>구름많음</wf>
					<tmn>-2</tmn>
					<tmx>7</tmx>
					<reliability>보통</reliability>
				</data>

				
				<data>
					<mode>A02</mode>
					<tmEf>2018-01-18 00:00</tmEf>
					<wf>구름많음</wf>
					<tmn>-3</tmn>
					<tmx>3</tmx>
					<reliability>보통</reliability>
				</data>

				
				<data>
					<mode>A02</mode>
					<tmEf>2018-01-18 12:00</tmEf>
					<wf>구름조금</wf>
					<tmn>-3</tmn>
					<tmx>3</tmx>
					<reliability>보통</reliability>
				</data>

				
				<data>
					<mode>A02</mode>
					<tmEf>2018-01-19 00:00</tmEf>
					<wf>구름조금</wf>
					<tmn>-8</tmn>
					<tmx>3</tmx>
					<reliability>보통</reliability>
				</data>

				
				<data>
					<mode>A02</mode>
					<tmEf>2018-01-19 12:00</tmEf>
					<wf>구름조금</wf>
					<tmn>-8</tmn>
					<tmx>3</tmx>
					<reliability>보통</reliability>
				</data>

				
				<data>
					<mode>A02</mode>
					<tmEf>2018-01-20 00:00</tmEf>
					<wf>구름조금</wf>
					<tmn>-6</tmn>
					<tmx>3</tmx>
					<reliability>보통</reliability>
				</data>

				
				<data>
					<mode>A02</mode>
					<tmEf>2018-01-20 12:00</tmEf>
					<wf>구름조금</wf>
					<tmn>-6</tmn>
					<tmx>3</tmx>
					<reliability>보통</reliability>
				</data>

				
				<data>
					<mode>A02</mode>
					<tmEf>2018-01-21 00:00</tmEf>
					<wf>구름많음</wf>
					<tmn>-5</tmn>
					<tmx>2</tmx>
					<reliability>보통</reliability>
				</data>

				
				<data>
					<mode>A02</mode>
					<tmEf>2018-01-21 12:00</tmEf>
					<wf>구름많음</wf>
					<tmn>-5</tmn>
					<tmx>2</tmx>
					<reliability>보통</reliability>
				</data>

				
				<data>
					<mode>A01</mode>
					<tmEf>2018-01-22 00:00</tmEf>
					<wf>구름많음</wf>
					<tmn>-6</tmn>
					<tmx>1</tmx>
					<reliability>낮음</reliability>
				</data>

				
				<data>
					<mode>A01</mode>
					<tmEf>2018-01-23 00:00</tmEf>
					<wf>구름많음</wf>
					<tmn>-7</tmn>
					<tmx>-1</tmx>
					<reliability>보통</reliability>
				</data>

				
				<data>
					<mode>A01</mode>
					<tmEf>2018-01-24 00:00</tmEf>
					<wf>구름조금</wf>
					<tmn>-12</tmn>
					<tmx>-5</tmx>
					<reliability>보통</reliability>
				</data>


		</location>

		<location wl_ver="3">
				<province>강원도영서</province>
				<city>원주</city>
				
				<data>
					<mode>A02</mode>
					<tmEf>2018-01-17 00:00</tmEf>
					<wf>구름많음</wf>
					<tmn>0</tmn>
					<tmx>8</tmx>
					<reliability>낮음</reliability>
				</data>

				
				<data>
					<mode>A02</mode>
					<tmEf>2018-01-17 12:00</tmEf>
					<wf>구름많음</wf>
					<tmn>0</tmn>
					<tmx>8</tmx>
					<reliability>보통</reliability>
				</data>

				
				<data>
					<mode>A02</mode>
					<tmEf>2018-01-18 00:00</tmEf>
					<wf>구름많음</wf>
					<tmn>-1</tmn>
					<tmx>4</tmx>
					<reliability>보통</reliability>
				</data>

				
				<data>
					<mode>A02</mode>
					<tmEf>2018-01-18 12:00</tmEf>
					<wf>구름조금</wf>
					<tmn>-1</tmn>
					<tmx>4</tmx>
					<reliability>보통</reliability>
				</data>

				
				<data>
					<mode>A02</mode>
					<tmEf>2018-01-19 00:00</tmEf>
					<wf>구름조금</wf>
					<tmn>-6</tmn>
					<tmx>4</tmx>
					<reliability>보통</reliability>
				</data>

				
				<data>
					<mode>A02</mode>
					<tmEf>2018-01-19 12:00</tmEf>
					<wf>구름조금</wf>
					<tmn>-6</tmn>
					<tmx>4</tmx>
					<reliability>보통</reliability>
				</data>

				
				<data>
					<mode>A02</mode>
					<tmEf>2018-01-20 00:00</tmEf>
					<wf>구름조금</wf>
					<tmn>-4</tmn>
					<tmx>3</tmx>
					<reliability>보통</reliability>
				</data>

				
				<data>
					<mode>A02</mode>
					<tmEf>2018-01-20 12:00</tmEf>
					<wf>구름조금</wf>
					<tmn>-4</tmn>
					<tmx>3</tmx>
					<reliability>보통</reliability>
				</data>

				
				<data>
					<mode>A02</mode>
					<tmEf>2018-01-21 00:00</tmEf>
					<wf>구름많음</wf>
					<tmn>-4</tmn>
					<tmx>2</tmx>
					<reliability>보통</reliability>
				</data>

				
				<data>
					<mode>A02</mode>
					<tmEf>2018-01-21 12:00</tmEf>
					<wf>구름많음</wf>
					<tmn>-4</tmn>
					<tmx>2</tmx>
					<reliability>보통</reliability>
				</data>

				
				<data>
					<mode>A01</mode>
					<tmEf>2018-01-22 00:00</tmEf>
					<wf>구름많음</wf>
					<tmn>-5</tmn>
					<tmx>2</tmx>
					<reliability>낮음</reliability>
				</data>

				
				<data>
					<mode>A01</mode>
					<tmEf>2018-01-23 00:00</tmEf>
					<wf>구름많음</wf>
					<tmn>-6</tmn>
					<tmx>0</tmx>
					<reliability>보통</reliability>
				</data>

				
				<data>
					<mode>A01</mode>
					<tmEf>2018-01-24 00:00</tmEf>
					<wf>구름조금</wf>
					<tmn>-9</tmn>
					<tmx>-4</tmx>
					<reliability>보통</reliability>
				</data>


		</location>



		<location wl_ver="3">
				<province>강원도영동</province>
				<city>강릉</city>
				
				<data>
					<mode>A02</mode>
					<tmEf>2018-01-17 00:00</tmEf>
					<wf>흐리고 비</wf>
					<tmn>4</tmn>
					<tmx>8</tmx>
					<reliability>보통</reliability>
				</data>

				
				<data>
					<mode>A02</mode>
					<tmEf>2018-01-17 12:00</tmEf>
					<wf>구름많음</wf>
					<tmn>4</tmn>
					<tmx>8</tmx>
					<reliability>낮음</reliability>
				</data>

				
				<data>
					<mode>A02</mode>
					<tmEf>2018-01-18 00:00</tmEf>
					<wf>구름많음</wf>
					<tmn>3</tmn>
					<tmx>8</tmx>
					<reliability>보통</reliability>
				</data>

				
				<data>
					<mode>A02</mode>
					<tmEf>2018-01-18 12:00</tmEf>
					<wf>구름조금</wf>
					<tmn>3</tmn>
					<tmx>8</tmx>
					<reliability>보통</reliability>
				</data>

				
				<data>
					<mode>A02</mode>
					<tmEf>2018-01-19 00:00</tmEf>
					<wf>구름조금</wf>
					<tmn>0</tmn>
					<tmx>6</tmx>
					<reliability>보통</reliability>
				</data>

				
				<data>
					<mode>A02</mode>
					<tmEf>2018-01-19 12:00</tmEf>
					<wf>구름조금</wf>
					<tmn>0</tmn>
					<tmx>6</tmx>
					<reliability>보통</reliability>
				</data>

				
				<data>
					<mode>A02</mode>
					<tmEf>2018-01-20 00:00</tmEf>
					<wf>구름조금</wf>
					<tmn>0</tmn>
					<tmx>6</tmx>
					<reliability>보통</reliability>
				</data>

				
				<data>
					<mode>A02</mode>
					<tmEf>2018-01-20 12:00</tmEf>
					<wf>구름조금</wf>
					<tmn>0</tmn>
					<tmx>6</tmx>
					<reliability>보통</reliability>
				</data>

				
				<data>
					<mode>A02</mode>
					<tmEf>2018-01-21 00:00</tmEf>
					<wf>구름많음</wf>
					<tmn>0</tmn>
					<tmx>5</tmx>
					<reliability>보통</reliability>
				</data>

				
				<data>
					<mode>A02</mode>
					<tmEf>2018-01-21 12:00</tmEf>
					<wf>구름많음</wf>
					<tmn>0</tmn>
					<tmx>5</tmx>
					<reliability>보통</reliability>
				</data>

				
				<data>
					<mode>A01</mode>
					<tmEf>2018-01-22 00:00</tmEf>
					<wf>구름많음</wf>
					<tmn>-1</tmn>
					<tmx>4</tmx>
					<reliability>낮음</reliability>
				</data>

				
				<data>
					<mode>A01</mode>
					<tmEf>2018-01-23 00:00</tmEf>
					<wf>구름많음</wf>
					<tmn>0</tmn>
					<tmx>3</tmx>
					<reliability>낮음</reliability>
				</data>

				
				<data>
					<mode>A01</mode>
					<tmEf>2018-01-24 00:00</tmEf>
					<wf>구름많음</wf>
					<tmn>-4</tmn>
					<tmx>1</tmx>
					<reliability>보통</reliability>
				</data>


		</location>



		<location wl_ver="3">
				<province>대전ㆍ세종ㆍ충청남도</province>
				<city>대전</city>
				
				<data>
					<mode>A02</mode>
					<tmEf>2018-01-17 00:00</tmEf>
					<wf>흐리고 비</wf>
					<tmn>1</tmn>
					<tmx>8</tmx>
					<reliability>보통</reliability>
				</data>

				
				<data>
					<mode>A02</mode>
					<tmEf>2018-01-17 12:00</tmEf>
					<wf>구름많음</wf>
					<tmn>1</tmn>
					<tmx>8</tmx>
					<reliability>보통</reliability>
				</data>

				
				<data>
					<mode>A02</mode>
					<tmEf>2018-01-18 00:00</tmEf>
					<wf>구름조금</wf>
					<tmn>-2</tmn>
					<tmx>6</tmx>
					<reliability>보통</reliability>
				</data>

				
				<data>
					<mode>A02</mode>
					<tmEf>2018-01-18 12:00</tmEf>
					<wf>구름조금</wf>
					<tmn>-2</tmn>
					<tmx>6</tmx>
					<reliability>보통</reliability>
				</data>

				
				<data>
					<mode>A02</mode>
					<tmEf>2018-01-19 00:00</tmEf>
					<wf>구름많음</wf>
					<tmn>-5</tmn>
					<tmx>5</tmx>
					<reliability>보통</reliability>
				</data>

				
				<data>
					<mode>A02</mode>
					<tmEf>2018-01-19 12:00</tmEf>
					<wf>구름많음</wf>
					<tmn>-5</tmn>
					<tmx>5</tmx>
					<reliability>보통</reliability>
				</data>

				
				<data>
					<mode>A02</mode>
					<tmEf>2018-01-20 00:00</tmEf>
					<wf>구름조금</wf>
					<tmn>-4</tmn>
					<tmx>6</tmx>
					<reliability>보통</reliability>
				</data>

				
				<data>
					<mode>A02</mode>
					<tmEf>2018-01-20 12:00</tmEf>
					<wf>구름조금</wf>
					<tmn>-4</tmn>
					<tmx>6</tmx>
					<reliability>보통</reliability>
				</data>

				
				<data>
					<mode>A02</mode>
					<tmEf>2018-01-21 00:00</tmEf>
					<wf>구름조금</wf>
					<tmn>-5</tmn>
					<tmx>5</tmx>
					<reliability>보통</reliability>
				</data>

				
				<data>
					<mode>A02</mode>
					<tmEf>2018-01-21 12:00</tmEf>
					<wf>구름조금</wf>
					<tmn>-5</tmn>
					<tmx>5</tmx>
					<reliability>보통</reliability>
				</data>

				
				<data>
					<mode>A01</mode>
					<tmEf>2018-01-22 00:00</tmEf>
					<wf>구름많음</wf>
					<tmn>-3</tmn>
					<tmx>4</tmx>
					<reliability>낮음</reliability>
				</data>

				
				<data>
					<mode>A01</mode>
					<tmEf>2018-01-23 00:00</tmEf>
					<wf>구름많음</wf>
					<tmn>-3</tmn>
					<tmx>3</tmx>
					<reliability>보통</reliability>
				</data>

				
				<data>
					<mode>A01</mode>
					<tmEf>2018-01-24 00:00</tmEf>
					<wf>구름조금</wf>
					<tmn>-8</tmn>
					<tmx>-2</tmx>
					<reliability>보통</reliability>
				</data>


		</location>

		<location wl_ver="3">
				<province>대전ㆍ세종ㆍ충청남도</province>
				<city>세종</city>
				
				<data>
					<mode>A02</mode>
					<tmEf>2018-01-17 00:00</tmEf>
					<wf>흐리고 비</wf>
					<tmn>1</tmn>
					<tmx>7</tmx>
					<reliability>보통</reliability>
				</data>

				
				<data>
					<mode>A02</mode>
					<tmEf>2018-01-17 12:00</tmEf>
					<wf>구름많음</wf>
					<tmn>1</tmn>
					<tmx>7</tmx>
					<reliability>보통</reliability>
				</data>

				
				<data>
					<mode>A02</mode>
					<tmEf>2018-01-18 00:00</tmEf>
					<wf>구름조금</wf>
					<tmn>-3</tmn>
					<tmx>6</tmx>
					<reliability>보통</reliability>
				</data>

				
				<data>
					<mode>A02</mode>
					<tmEf>2018-01-18 12:00</tmEf>
					<wf>구름조금</wf>
					<tmn>-3</tmn>
					<tmx>6</tmx>
					<reliability>보통</reliability>
				</data>

				
				<data>
					<mode>A02</mode>
					<tmEf>2018-01-19 00:00</tmEf>
					<wf>구름많음</wf>
					<tmn>-6</tmn>
					<tmx>4</tmx>
					<reliability>보통</reliability>
				</data>

				
				<data>
					<mode>A02</mode>
					<tmEf>2018-01-19 12:00</tmEf>
					<wf>구름많음</wf>
					<tmn>-6</tmn>
					<tmx>4</tmx>
					<reliability>보통</reliability>
				</data>

				
				<data>
					<mode>A02</mode>
					<tmEf>2018-01-20 00:00</tmEf>
					<wf>구름조금</wf>
					<tmn>-5</tmn>
					<tmx>5</tmx>
					<reliability>보통</reliability>
				</data>

				
				<data>
					<mode>A02</mode>
					<tmEf>2018-01-20 12:00</tmEf>
					<wf>구름조금</wf>
					<tmn>-5</tmn>
					<tmx>5</tmx>
					<reliability>보통</reliability>
				</data>

				
				<data>
					<mode>A02</mode>
					<tmEf>2018-01-21 00:00</tmEf>
					<wf>구름조금</wf>
					<tmn>-6</tmn>
					<tmx>4</tmx>
					<reliability>보통</reliability>
				</data>

				
				<data>
					<mode>A02</mode>
					<tmEf>2018-01-21 12:00</tmEf>
					<wf>구름조금</wf>
					<tmn>-6</tmn>
					<tmx>4</tmx>
					<reliability>보통</reliability>
				</data>

				
				<data>
					<mode>A01</mode>
					<tmEf>2018-01-22 00:00</tmEf>
					<wf>구름많음</wf>
					<tmn>-4</tmn>
					<tmx>3</tmx>
					<reliability>낮음</reliability>
				</data>

				
				<data>
					<mode>A01</mode>
					<tmEf>2018-01-23 00:00</tmEf>
					<wf>구름많음</wf>
					<tmn>-4</tmn>
					<tmx>3</tmx>
					<reliability>보통</reliability>
				</data>

				
				<data>
					<mode>A01</mode>
					<tmEf>2018-01-24 00:00</tmEf>
					<wf>구름조금</wf>
					<tmn>-9</tmn>
					<tmx>-3</tmx>
					<reliability>보통</reliability>
				</data>


		</location>

		<location wl_ver="3">
				<province>대전ㆍ세종ㆍ충청남도</province>
				<city>홍성</city>
				
				<data>
					<mode>A02</mode>
					<tmEf>2018-01-17 00:00</tmEf>
					<wf>흐리고 비</wf>
					<tmn>1</tmn>
					<tmx>7</tmx>
					<reliability>보통</reliability>
				</data>

				
				<data>
					<mode>A02</mode>
					<tmEf>2018-01-17 12:00</tmEf>
					<wf>구름많음</wf>
					<tmn>1</tmn>
					<tmx>7</tmx>
					<reliability>보통</reliability>
				</data>

				
				<data>
					<mode>A02</mode>
					<tmEf>2018-01-18 00:00</tmEf>
					<wf>구름조금</wf>
					<tmn>-3</tmn>
					<tmx>6</tmx>
					<reliability>보통</reliability>
				</data>

				
				<data>
					<mode>A02</mode>
					<tmEf>2018-01-18 12:00</tmEf>
					<wf>구름조금</wf>
					<tmn>-3</tmn>
					<tmx>6</tmx>
					<reliability>보통</reliability>
				</data>

				
				<data>
					<mode>A02</mode>
					<tmEf>2018-01-19 00:00</tmEf>
					<wf>구름많음</wf>
					<tmn>-6</tmn>
					<tmx>5</tmx>
					<reliability>보통</reliability>
				</data>

				
				<data>
					<mode>A02</mode>
					<tmEf>2018-01-19 12:00</tmEf>
					<wf>구름많음</wf>
					<tmn>-6</tmn>
					<tmx>5</tmx>
					<reliability>보통</reliability>
				</data>

				
				<data>
					<mode>A02</mode>
					<tmEf>2018-01-20 00:00</tmEf>
					<wf>구름조금</wf>
					<tmn>-5</tmn>
					<tmx>5</tmx>
					<reliability>보통</reliability>
				</data>

				
				<data>
					<mode>A02</mode>
					<tmEf>2018-01-20 12:00</tmEf>
					<wf>구름조금</wf>
					<tmn>-5</tmn>
					<tmx>5</tmx>
					<reliability>보통</reliability>
				</data>

				
				<data>
					<mode>A02</mode>
					<tmEf>2018-01-21 00:00</tmEf>
					<wf>구름조금</wf>
					<tmn>-5</tmn>
					<tmx>5</tmx>
					<reliability>보통</reliability>
				</data>

				
				<data>
					<mode>A02</mode>
					<tmEf>2018-01-21 12:00</tmEf>
					<wf>구름조금</wf>
					<tmn>-5</tmn>
					<tmx>5</tmx>
					<reliability>보통</reliability>
				</data>

				
				<data>
					<mode>A01</mode>
					<tmEf>2018-01-22 00:00</tmEf>
					<wf>구름많음</wf>
					<tmn>-3</tmn>
					<tmx>3</tmx>
					<reliability>낮음</reliability>
				</data>

				
				<data>
					<mode>A01</mode>
					<tmEf>2018-01-23 00:00</tmEf>
					<wf>구름많음</wf>
					<tmn>-3</tmn>
					<tmx>3</tmx>
					<reliability>보통</reliability>
				</data>

				
				<data>
					<mode>A01</mode>
					<tmEf>2018-01-24 00:00</tmEf>
					<wf>구름조금</wf>
					<tmn>-9</tmn>
					<tmx>-3</tmx>
					<reliability>보통</reliability>
				</data>


		</location>



		<location wl_ver="3">
				<province>충청북도</province>
				<city>청주</city>
				
				<data>
					<mode>A02</mode>
					<tmEf>2018-01-17 00:00</tmEf>
					<wf>흐리고 비</wf>
					<tmn>2</tmn>
					<tmx>6</tmx>
					<reliability>보통</reliability>
				</data>

				
				<data>
					<mode>A02</mode>
					<tmEf>2018-01-17 12:00</tmEf>
					<wf>구름많음</wf>
					<tmn>2</tmn>
					<tmx>6</tmx>
					<reliability>보통</reliability>
				</data>

				
				<data>
					<mode>A02</mode>
					<tmEf>2018-01-18 00:00</tmEf>
					<wf>구름조금</wf>
					<tmn>-1</tmn>
					<tmx>6</tmx>
					<reliability>보통</reliability>
				</data>

				
				<data>
					<mode>A02</mode>
					<tmEf>2018-01-18 12:00</tmEf>
					<wf>구름조금</wf>
					<tmn>-1</tmn>
					<tmx>6</tmx>
					<reliability>보통</reliability>
				</data>

				
				<data>
					<mode>A02</mode>
					<tmEf>2018-01-19 00:00</tmEf>
					<wf>구름조금</wf>
					<tmn>-6</tmn>
					<tmx>4</tmx>
					<reliability>보통</reliability>
				</data>

				
				<data>
					<mode>A02</mode>
					<tmEf>2018-01-19 12:00</tmEf>
					<wf>구름조금</wf>
					<tmn>-6</tmn>
					<tmx>4</tmx>
					<reliability>보통</reliability>
				</data>

				
				<data>
					<mode>A02</mode>
					<tmEf>2018-01-20 00:00</tmEf>
					<wf>구름조금</wf>
					<tmn>-4</tmn>
					<tmx>5</tmx>
					<reliability>보통</reliability>
				</data>

				
				<data>
					<mode>A02</mode>
					<tmEf>2018-01-20 12:00</tmEf>
					<wf>구름조금</wf>
					<tmn>-4</tmn>
					<tmx>5</tmx>
					<reliability>보통</reliability>
				</data>

				
				<data>
					<mode>A02</mode>
					<tmEf>2018-01-21 00:00</tmEf>
					<wf>구름조금</wf>
					<tmn>-5</tmn>
					<tmx>4</tmx>
					<reliability>보통</reliability>
				</data>

				
				<data>
					<mode>A02</mode>
					<tmEf>2018-01-21 12:00</tmEf>
					<wf>구름조금</wf>
					<tmn>-5</tmn>
					<tmx>4</tmx>
					<reliability>보통</reliability>
				</data>

				
				<data>
					<mode>A01</mode>
					<tmEf>2018-01-22 00:00</tmEf>
					<wf>구름많음</wf>
					<tmn>-3</tmn>
					<tmx>3</tmx>
					<reliability>낮음</reliability>
				</data>

				
				<data>
					<mode>A01</mode>
					<tmEf>2018-01-23 00:00</tmEf>
					<wf>구름많음</wf>
					<tmn>-2</tmn>
					<tmx>2</tmx>
					<reliability>보통</reliability>
				</data>

				
				<data>
					<mode>A01</mode>
					<tmEf>2018-01-24 00:00</tmEf>
					<wf>구름조금</wf>
					<tmn>-7</tmn>
					<tmx>-3</tmx>
					<reliability>보통</reliability>
				</data>


		</location>



		<location wl_ver="3">
				<province>광주ㆍ전라남도</province>
				<city>광주</city>
				
				<data>
					<mode>A02</mode>
					<tmEf>2018-01-17 00:00</tmEf>
					<wf>흐리고 비</wf>
					<tmn>4</tmn>
					<tmx>8</tmx>
					<reliability>보통</reliability>
				</data>

				
				<data>
					<mode>A02</mode>
					<tmEf>2018-01-17 12:00</tmEf>
					<wf>구름많음</wf>
					<tmn>4</tmn>
					<tmx>8</tmx>
					<reliability>낮음</reliability>
				</data>

				
				<data>
					<mode>A02</mode>
					<tmEf>2018-01-18 00:00</tmEf>
					<wf>구름조금</wf>
					<tmn>-1</tmn>
					<tmx>8</tmx>
					<reliability>보통</reliability>
				</data>

				
				<data>
					<mode>A02</mode>
					<tmEf>2018-01-18 12:00</tmEf>
					<wf>구름조금</wf>
					<tmn>-1</tmn>
					<tmx>8</tmx>
					<reliability>보통</reliability>
				</data>

				
				<data>
					<mode>A02</mode>
					<tmEf>2018-01-19 00:00</tmEf>
					<wf>구름조금</wf>
					<tmn>-3</tmn>
					<tmx>7</tmx>
					<reliability>보통</reliability>
				</data>

				
				<data>
					<mode>A02</mode>
					<tmEf>2018-01-19 12:00</tmEf>
					<wf>구름조금</wf>
					<tmn>-3</tmn>
					<tmx>7</tmx>
					<reliability>보통</reliability>
				</data>

				
				<data>
					<mode>A02</mode>
					<tmEf>2018-01-20 00:00</tmEf>
					<wf>구름조금</wf>
					<tmn>-3</tmn>
					<tmx>7</tmx>
					<reliability>보통</reliability>
				</data>

				
				<data>
					<mode>A02</mode>
					<tmEf>2018-01-20 12:00</tmEf>
					<wf>구름조금</wf>
					<tmn>-3</tmn>
					<tmx>7</tmx>
					<reliability>보통</reliability>
				</data>

				
				<data>
					<mode>A02</mode>
					<tmEf>2018-01-21 00:00</tmEf>
					<wf>구름조금</wf>
					<tmn>-3</tmn>
					<tmx>8</tmx>
					<reliability>보통</reliability>
				</data>

				
				<data>
					<mode>A02</mode>
					<tmEf>2018-01-21 12:00</tmEf>
					<wf>구름조금</wf>
					<tmn>-3</tmn>
					<tmx>8</tmx>
					<reliability>보통</reliability>
				</data>

				
				<data>
					<mode>A01</mode>
					<tmEf>2018-01-22 00:00</tmEf>
					<wf>구름많음</wf>
					<tmn>0</tmn>
					<tmx>6</tmx>
					<reliability>낮음</reliability>
				</data>

				
				<data>
					<mode>A01</mode>
					<tmEf>2018-01-23 00:00</tmEf>
					<wf>구름많음</wf>
					<tmn>-2</tmn>
					<tmx>4</tmx>
					<reliability>보통</reliability>
				</data>

				
				<data>
					<mode>A01</mode>
					<tmEf>2018-01-24 00:00</tmEf>
					<wf>구름조금</wf>
					<tmn>-3</tmn>
					<tmx>3</tmx>
					<reliability>보통</reliability>
				</data>


		</location>

		<location wl_ver="3">
				<province>광주ㆍ전라남도</province>
				<city>목포</city>
				
				<data>
					<mode>A02</mode>
					<tmEf>2018-01-17 00:00</tmEf>
					<wf>흐리고 비</wf>
					<tmn>4</tmn>
					<tmx>8</tmx>
					<reliability>보통</reliability>
				</data>

				
				<data>
					<mode>A02</mode>
					<tmEf>2018-01-17 12:00</tmEf>
					<wf>구름많음</wf>
					<tmn>4</tmn>
					<tmx>8</tmx>
					<reliability>낮음</reliability>
				</data>

				
				<data>
					<mode>A02</mode>
					<tmEf>2018-01-18 00:00</tmEf>
					<wf>구름조금</wf>
					<tmn>0</tmn>
					<tmx>8</tmx>
					<reliability>보통</reliability>
				</data>

				
				<data>
					<mode>A02</mode>
					<tmEf>2018-01-18 12:00</tmEf>
					<wf>구름조금</wf>
					<tmn>0</tmn>
					<tmx>8</tmx>
					<reliability>보통</reliability>
				</data>

				
				<data>
					<mode>A02</mode>
					<tmEf>2018-01-19 00:00</tmEf>
					<wf>구름조금</wf>
					<tmn>0</tmn>
					<tmx>7</tmx>
					<reliability>보통</reliability>
				</data>

				
				<data>
					<mode>A02</mode>
					<tmEf>2018-01-19 12:00</tmEf>
					<wf>구름조금</wf>
					<tmn>0</tmn>
					<tmx>7</tmx>
					<reliability>보통</reliability>
				</data>

				
				<data>
					<mode>A02</mode>
					<tmEf>2018-01-20 00:00</tmEf>
					<wf>구름조금</wf>
					<tmn>-1</tmn>
					<tmx>7</tmx>
					<reliability>보통</reliability>
				</data>

				
				<data>
					<mode>A02</mode>
					<tmEf>2018-01-20 12:00</tmEf>
					<wf>구름조금</wf>
					<tmn>-1</tmn>
					<tmx>7</tmx>
					<reliability>보통</reliability>
				</data>

				
				<data>
					<mode>A02</mode>
					<tmEf>2018-01-21 00:00</tmEf>
					<wf>구름조금</wf>
					<tmn>-1</tmn>
					<tmx>8</tmx>
					<reliability>보통</reliability>
				</data>

				
				<data>
					<mode>A02</mode>
					<tmEf>2018-01-21 12:00</tmEf>
					<wf>구름조금</wf>
					<tmn>-1</tmn>
					<tmx>8</tmx>
					<reliability>보통</reliability>
				</data>

				
				<data>
					<mode>A01</mode>
					<tmEf>2018-01-22 00:00</tmEf>
					<wf>구름많음</wf>
					<tmn>1</tmn>
					<tmx>6</tmx>
					<reliability>낮음</reliability>
				</data>

				
				<data>
					<mode>A01</mode>
					<tmEf>2018-01-23 00:00</tmEf>
					<wf>구름많음</wf>
					<tmn>-1</tmn>
					<tmx>3</tmx>
					<reliability>보통</reliability>
				</data>

				
				<data>
					<mode>A01</mode>
					<tmEf>2018-01-24 00:00</tmEf>
					<wf>구름조금</wf>
					<tmn>-2</tmn>
					<tmx>3</tmx>
					<reliability>보통</reliability>
				</data>


		</location>

		<location wl_ver="3">
				<province>광주ㆍ전라남도</province>
				<city>여수</city>
				
				<data>
					<mode>A02</mode>
					<tmEf>2018-01-17 00:00</tmEf>
					<wf>흐리고 비</wf>
					<tmn>6</tmn>
					<tmx>10</tmx>
					<reliability>보통</reliability>
				</data>

				
				<data>
					<mode>A02</mode>
					<tmEf>2018-01-17 12:00</tmEf>
					<wf>구름많음</wf>
					<tmn>6</tmn>
					<tmx>10</tmx>
					<reliability>낮음</reliability>
				</data>

				
				<data>
					<mode>A02</mode>
					<tmEf>2018-01-18 00:00</tmEf>
					<wf>구름조금</wf>
					<tmn>2</tmn>
					<tmx>9</tmx>
					<reliability>보통</reliability>
				</data>

				
				<data>
					<mode>A02</mode>
					<tmEf>2018-01-18 12:00</tmEf>
					<wf>구름조금</wf>
					<tmn>2</tmn>
					<tmx>9</tmx>
					<reliability>보통</reliability>
				</data>

				
				<data>
					<mode>A02</mode>
					<tmEf>2018-01-19 00:00</tmEf>
					<wf>구름조금</wf>
					<tmn>1</tmn>
					<tmx>8</tmx>
					<reliability>보통</reliability>
				</data>

				
				<data>
					<mode>A02</mode>
					<tmEf>2018-01-19 12:00</tmEf>
					<wf>구름조금</wf>
					<tmn>1</tmn>
					<tmx>8</tmx>
					<reliability>보통</reliability>
				</data>

				
				<data>
					<mode>A02</mode>
					<tmEf>2018-01-20 00:00</tmEf>
					<wf>구름조금</wf>
					<tmn>0</tmn>
					<tmx>8</tmx>
					<reliability>보통</reliability>
				</data>

				
				<data>
					<mode>A02</mode>
					<tmEf>2018-01-20 12:00</tmEf>
					<wf>구름조금</wf>
					<tmn>0</tmn>
					<tmx>8</tmx>
					<reliability>보통</reliability>
				</data>

				
				<data>
					<mode>A02</mode>
					<tmEf>2018-01-21 00:00</tmEf>
					<wf>구름조금</wf>
					<tmn>0</tmn>
					<tmx>8</tmx>
					<reliability>보통</reliability>
				</data>

				
				<data>
					<mode>A02</mode>
					<tmEf>2018-01-21 12:00</tmEf>
					<wf>구름조금</wf>
					<tmn>0</tmn>
					<tmx>8</tmx>
					<reliability>보통</reliability>
				</data>

				
				<data>
					<mode>A01</mode>
					<tmEf>2018-01-22 00:00</tmEf>
					<wf>구름많음</wf>
					<tmn>2</tmn>
					<tmx>6</tmx>
					<reliability>낮음</reliability>
				</data>

				
				<data>
					<mode>A01</mode>
					<tmEf>2018-01-23 00:00</tmEf>
					<wf>구름많음</wf>
					<tmn>0</tmn>
					<tmx>4</tmx>
					<reliability>보통</reliability>
				</data>

				
				<data>
					<mode>A01</mode>
					<tmEf>2018-01-24 00:00</tmEf>
					<wf>구름조금</wf>
					<tmn>-2</tmn>
					<tmx>4</tmx>
					<reliability>보통</reliability>
				</data>


		</location>



		<location wl_ver="3">
				<province>전라북도</province>
				<city>전주</city>
				
				<data>
					<mode>A02</mode>
					<tmEf>2018-01-17 00:00</tmEf>
					<wf>흐리고 비</wf>
					<tmn>4</tmn>
					<tmx>7</tmx>
					<reliability>보통</reliability>
				</data>

				
				<data>
					<mode>A02</mode>
					<tmEf>2018-01-17 12:00</tmEf>
					<wf>구름많음</wf>
					<tmn>4</tmn>
					<tmx>7</tmx>
					<reliability>보통</reliability>
				</data>

				
				<data>
					<mode>A02</mode>
					<tmEf>2018-01-18 00:00</tmEf>
					<wf>구름조금</wf>
					<tmn>0</tmn>
					<tmx>7</tmx>
					<reliability>보통</reliability>
				</data>

				
				<data>
					<mode>A02</mode>
					<tmEf>2018-01-18 12:00</tmEf>
					<wf>구름조금</wf>
					<tmn>0</tmn>
					<tmx>7</tmx>
					<reliability>보통</reliability>
				</data>

				
				<data>
					<mode>A02</mode>
					<tmEf>2018-01-19 00:00</tmEf>
					<wf>구름조금</wf>
					<tmn>-1</tmn>
					<tmx>6</tmx>
					<reliability>보통</reliability>
				</data>

				
				<data>
					<mode>A02</mode>
					<tmEf>2018-01-19 12:00</tmEf>
					<wf>구름조금</wf>
					<tmn>-1</tmn>
					<tmx>6</tmx>
					<reliability>보통</reliability>
				</data>

				
				<data>
					<mode>A02</mode>
					<tmEf>2018-01-20 00:00</tmEf>
					<wf>구름조금</wf>
					<tmn>-2</tmn>
					<tmx>7</tmx>
					<reliability>보통</reliability>
				</data>

				
				<data>
					<mode>A02</mode>
					<tmEf>2018-01-20 12:00</tmEf>
					<wf>구름조금</wf>
					<tmn>-2</tmn>
					<tmx>7</tmx>
					<reliability>보통</reliability>
				</data>

				
				<data>
					<mode>A02</mode>
					<tmEf>2018-01-21 00:00</tmEf>
					<wf>구름조금</wf>
					<tmn>-3</tmn>
					<tmx>6</tmx>
					<reliability>보통</reliability>
				</data>

				
				<data>
					<mode>A02</mode>
					<tmEf>2018-01-21 12:00</tmEf>
					<wf>구름조금</wf>
					<tmn>-3</tmn>
					<tmx>6</tmx>
					<reliability>보통</reliability>
				</data>

				
				<data>
					<mode>A01</mode>
					<tmEf>2018-01-22 00:00</tmEf>
					<wf>구름많음</wf>
					<tmn>-4</tmn>
					<tmx>6</tmx>
					<reliability>낮음</reliability>
				</data>

				
				<data>
					<mode>A01</mode>
					<tmEf>2018-01-23 00:00</tmEf>
					<wf>구름많음</wf>
					<tmn>-3</tmn>
					<tmx>4</tmx>
					<reliability>보통</reliability>
				</data>

				
				<data>
					<mode>A01</mode>
					<tmEf>2018-01-24 00:00</tmEf>
					<wf>구름조금</wf>
					<tmn>-5</tmn>
					<tmx>1</tmx>
					<reliability>보통</reliability>
				</data>


		</location>

		<location wl_ver="3">
				<province>전라북도</province>
				<city>군산</city>
				
				<data>
					<mode>A02</mode>
					<tmEf>2018-01-17 00:00</tmEf>
					<wf>흐리고 비</wf>
					<tmn>4</tmn>
					<tmx>8</tmx>
					<reliability>보통</reliability>
				</data>

				
				<data>
					<mode>A02</mode>
					<tmEf>2018-01-17 12:00</tmEf>
					<wf>구름많음</wf>
					<tmn>4</tmn>
					<tmx>8</tmx>
					<reliability>보통</reliability>
				</data>

				
				<data>
					<mode>A02</mode>
					<tmEf>2018-01-18 00:00</tmEf>
					<wf>구름조금</wf>
					<tmn>-2</tmn>
					<tmx>7</tmx>
					<reliability>보통</reliability>
				</data>

				
				<data>
					<mode>A02</mode>
					<tmEf>2018-01-18 12:00</tmEf>
					<wf>구름조금</wf>
					<tmn>-2</tmn>
					<tmx>7</tmx>
					<reliability>보통</reliability>
				</data>

				
				<data>
					<mode>A02</mode>
					<tmEf>2018-01-19 00:00</tmEf>
					<wf>구름조금</wf>
					<tmn>-1</tmn>
					<tmx>7</tmx>
					<reliability>보통</reliability>
				</data>

				
				<data>
					<mode>A02</mode>
					<tmEf>2018-01-19 12:00</tmEf>
					<wf>구름조금</wf>
					<tmn>-1</tmn>
					<tmx>7</tmx>
					<reliability>보통</reliability>
				</data>

				
				<data>
					<mode>A02</mode>
					<tmEf>2018-01-20 00:00</tmEf>
					<wf>구름조금</wf>
					<tmn>-2</tmn>
					<tmx>6</tmx>
					<reliability>보통</reliability>
				</data>

				
				<data>
					<mode>A02</mode>
					<tmEf>2018-01-20 12:00</tmEf>
					<wf>구름조금</wf>
					<tmn>-2</tmn>
					<tmx>6</tmx>
					<reliability>보통</reliability>
				</data>

				
				<data>
					<mode>A02</mode>
					<tmEf>2018-01-21 00:00</tmEf>
					<wf>구름조금</wf>
					<tmn>-2</tmn>
					<tmx>6</tmx>
					<reliability>보통</reliability>
				</data>

				
				<data>
					<mode>A02</mode>
					<tmEf>2018-01-21 12:00</tmEf>
					<wf>구름조금</wf>
					<tmn>-2</tmn>
					<tmx>6</tmx>
					<reliability>보통</reliability>
				</data>

				
				<data>
					<mode>A01</mode>
					<tmEf>2018-01-22 00:00</tmEf>
					<wf>구름많음</wf>
					<tmn>-3</tmn>
					<tmx>6</tmx>
					<reliability>낮음</reliability>
				</data>

				
				<data>
					<mode>A01</mode>
					<tmEf>2018-01-23 00:00</tmEf>
					<wf>구름많음</wf>
					<tmn>-4</tmn>
					<tmx>4</tmx>
					<reliability>보통</reliability>
				</data>

				
				<data>
					<mode>A01</mode>
					<tmEf>2018-01-24 00:00</tmEf>
					<wf>구름조금</wf>
					<tmn>-5</tmn>
					<tmx>2</tmx>
					<reliability>보통</reliability>
				</data>


		</location>



		<location wl_ver="3">
				<province>부산ㆍ울산ㆍ경상남도</province>
				<city>부산</city>
				
				<data>
					<mode>A02</mode>
					<tmEf>2018-01-17 00:00</tmEf>
					<wf>흐리고 비</wf>
					<tmn>7</tmn>
					<tmx>11</tmx>
					<reliability>보통</reliability>
				</data>

				
				<data>
					<mode>A02</mode>
					<tmEf>2018-01-17 12:00</tmEf>
					<wf>구름많음</wf>
					<tmn>7</tmn>
					<tmx>11</tmx>
					<reliability>낮음</reliability>
				</data>

				
				<data>
					<mode>A02</mode>
					<tmEf>2018-01-18 00:00</tmEf>
					<wf>구름조금</wf>
					<tmn>3</tmn>
					<tmx>9</tmx>
					<reliability>보통</reliability>
				</data>

				
				<data>
					<mode>A02</mode>
					<tmEf>2018-01-18 12:00</tmEf>
					<wf>구름조금</wf>
					<tmn>3</tmn>
					<tmx>9</tmx>
					<reliability>보통</reliability>
				</data>

				
				<data>
					<mode>A02</mode>
					<tmEf>2018-01-19 00:00</tmEf>
					<wf>구름조금</wf>
					<tmn>1</tmn>
					<tmx>9</tmx>
					<reliability>보통</reliability>
				</data>

				
				<data>
					<mode>A02</mode>
					<tmEf>2018-01-19 12:00</tmEf>
					<wf>구름조금</wf>
					<tmn>1</tmn>
					<tmx>9</tmx>
					<reliability>보통</reliability>
				</data>

				
				<data>
					<mode>A02</mode>
					<tmEf>2018-01-20 00:00</tmEf>
					<wf>구름조금</wf>
					<tmn>0</tmn>
					<tmx>8</tmx>
					<reliability>보통</reliability>
				</data>

				
				<data>
					<mode>A02</mode>
					<tmEf>2018-01-20 12:00</tmEf>
					<wf>구름조금</wf>
					<tmn>0</tmn>
					<tmx>8</tmx>
					<reliability>보통</reliability>
				</data>

				
				<data>
					<mode>A02</mode>
					<tmEf>2018-01-21 00:00</tmEf>
					<wf>구름조금</wf>
					<tmn>1</tmn>
					<tmx>8</tmx>
					<reliability>보통</reliability>
				</data>

				
				<data>
					<mode>A02</mode>
					<tmEf>2018-01-21 12:00</tmEf>
					<wf>구름조금</wf>
					<tmn>1</tmn>
					<tmx>8</tmx>
					<reliability>보통</reliability>
				</data>

				
				<data>
					<mode>A01</mode>
					<tmEf>2018-01-22 00:00</tmEf>
					<wf>구름많음</wf>
					<tmn>1</tmn>
					<tmx>7</tmx>
					<reliability>낮음</reliability>
				</data>

				
				<data>
					<mode>A01</mode>
					<tmEf>2018-01-23 00:00</tmEf>
					<wf>구름많음</wf>
					<tmn>0</tmn>
					<tmx>6</tmx>
					<reliability>보통</reliability>
				</data>

				
				<data>
					<mode>A01</mode>
					<tmEf>2018-01-24 00:00</tmEf>
					<wf>구름조금</wf>
					<tmn>-2</tmn>
					<tmx>3</tmx>
					<reliability>보통</reliability>
				</data>


		</location>

		<location wl_ver="3">
				<province>부산ㆍ울산ㆍ경상남도</province>
				<city>울산</city>
				
				<data>
					<mode>A02</mode>
					<tmEf>2018-01-17 00:00</tmEf>
					<wf>흐리고 비</wf>
					<tmn>6</tmn>
					<tmx>10</tmx>
					<reliability>보통</reliability>
				</data>

				
				<data>
					<mode>A02</mode>
					<tmEf>2018-01-17 12:00</tmEf>
					<wf>구름많음</wf>
					<tmn>6</tmn>
					<tmx>10</tmx>
					<reliability>낮음</reliability>
				</data>

				
				<data>
					<mode>A02</mode>
					<tmEf>2018-01-18 00:00</tmEf>
					<wf>구름조금</wf>
					<tmn>2</tmn>
					<tmx>9</tmx>
					<reliability>보통</reliability>
				</data>

				
				<data>
					<mode>A02</mode>
					<tmEf>2018-01-18 12:00</tmEf>
					<wf>구름조금</wf>
					<tmn>2</tmn>
					<tmx>9</tmx>
					<reliability>보통</reliability>
				</data>

				
				<data>
					<mode>A02</mode>
					<tmEf>2018-01-19 00:00</tmEf>
					<wf>구름조금</wf>
					<tmn>0</tmn>
					<tmx>8</tmx>
					<reliability>보통</reliability>
				</data>

				
				<data>
					<mode>A02</mode>
					<tmEf>2018-01-19 12:00</tmEf>
					<wf>구름조금</wf>
					<tmn>0</tmn>
					<tmx>8</tmx>
					<reliability>보통</reliability>
				</data>

				
				<data>
					<mode>A02</mode>
					<tmEf>2018-01-20 00:00</tmEf>
					<wf>구름조금</wf>
					<tmn>-1</tmn>
					<tmx>8</tmx>
					<reliability>보통</reliability>
				</data>

				
				<data>
					<mode>A02</mode>
					<tmEf>2018-01-20 12:00</tmEf>
					<wf>구름조금</wf>
					<tmn>-1</tmn>
					<tmx>8</tmx>
					<reliability>보통</reliability>
				</data>

				
				<data>
					<mode>A02</mode>
					<tmEf>2018-01-21 00:00</tmEf>
					<wf>구름조금</wf>
					<tmn>0</tmn>
					<tmx>7</tmx>
					<reliability>보통</reliability>
				</data>

				
				<data>
					<mode>A02</mode>
					<tmEf>2018-01-21 12:00</tmEf>
					<wf>구름조금</wf>
					<tmn>0</tmn>
					<tmx>7</tmx>
					<reliability>보통</reliability>
				</data>

				
				<data>
					<mode>A01</mode>
					<tmEf>2018-01-22 00:00</tmEf>
					<wf>구름많음</wf>
					<tmn>-1</tmn>
					<tmx>6</tmx>
					<reliability>낮음</reliability>
				</data>

				
				<data>
					<mode>A01</mode>
					<tmEf>2018-01-23 00:00</tmEf>
					<wf>구름많음</wf>
					<tmn>-2</tmn>
					<tmx>5</tmx>
					<reliability>보통</reliability>
				</data>

				
				<data>
					<mode>A01</mode>
					<tmEf>2018-01-24 00:00</tmEf>
					<wf>구름조금</wf>
					<tmn>-3</tmn>
					<tmx>2</tmx>
					<reliability>보통</reliability>
				</data>


		</location>

		<location wl_ver="3">
				<province>부산ㆍ울산ㆍ경상남도</province>
				<city>창원</city>
				
				<data>
					<mode>A02</mode>
					<tmEf>2018-01-17 00:00</tmEf>
					<wf>흐리고 비</wf>
					<tmn>5</tmn>
					<tmx>8</tmx>
					<reliability>보통</reliability>
				</data>

				
				<data>
					<mode>A02</mode>
					<tmEf>2018-01-17 12:00</tmEf>
					<wf>구름많음</wf>
					<tmn>5</tmn>
					<tmx>8</tmx>
					<reliability>낮음</reliability>
				</data>

				
				<data>
					<mode>A02</mode>
					<tmEf>2018-01-18 00:00</tmEf>
					<wf>구름조금</wf>
					<tmn>2</tmn>
					<tmx>8</tmx>
					<reliability>보통</reliability>
				</data>

				
				<data>
					<mode>A02</mode>
					<tmEf>2018-01-18 12:00</tmEf>
					<wf>구름조금</wf>
					<tmn>2</tmn>
					<tmx>8</tmx>
					<reliability>보통</reliability>
				</data>

				
				<data>
					<mode>A02</mode>
					<tmEf>2018-01-19 00:00</tmEf>
					<wf>구름조금</wf>
					<tmn>0</tmn>
					<tmx>8</tmx>
					<reliability>보통</reliability>
				</data>

				
				<data>
					<mode>A02</mode>
					<tmEf>2018-01-19 12:00</tmEf>
					<wf>구름조금</wf>
					<tmn>0</tmn>
					<tmx>8</tmx>
					<reliability>보통</reliability>
				</data>

				
				<data>
					<mode>A02</mode>
					<tmEf>2018-01-20 00:00</tmEf>
					<wf>구름조금</wf>
					<tmn>-1</tmn>
					<tmx>8</tmx>
					<reliability>보통</reliability>
				</data>

				
				<data>
					<mode>A02</mode>
					<tmEf>2018-01-20 12:00</tmEf>
					<wf>구름조금</wf>
					<tmn>-1</tmn>
					<tmx>8</tmx>
					<reliability>보통</reliability>
				</data>

				
				<data>
					<mode>A02</mode>
					<tmEf>2018-01-21 00:00</tmEf>
					<wf>구름조금</wf>
					<tmn>0</tmn>
					<tmx>7</tmx>
					<reliability>보통</reliability>
				</data>

				
				<data>
					<mode>A02</mode>
					<tmEf>2018-01-21 12:00</tmEf>
					<wf>구름조금</wf>
					<tmn>0</tmn>
					<tmx>7</tmx>
					<reliability>보통</reliability>
				</data>

				
				<data>
					<mode>A01</mode>
					<tmEf>2018-01-22 00:00</tmEf>
					<wf>구름많음</wf>
					<tmn>-1</tmn>
					<tmx>6</tmx>
					<reliability>낮음</reliability>
				</data>

				
				<data>
					<mode>A01</mode>
					<tmEf>2018-01-23 00:00</tmEf>
					<wf>구름많음</wf>
					<tmn>-2</tmn>
					<tmx>5</tmx>
					<reliability>보통</reliability>
				</data>

				
				<data>
					<mode>A01</mode>
					<tmEf>2018-01-24 00:00</tmEf>
					<wf>구름조금</wf>
					<tmn>-3</tmn>
					<tmx>2</tmx>
					<reliability>보통</reliability>
				</data>


		</location>



		<location wl_ver="3">
				<province>대구ㆍ경상북도</province>
				<city>대구</city>
				
				<data>
					<mode>A02</mode>
					<tmEf>2018-01-17 00:00</tmEf>
					<wf>흐리고 비</wf>
					<tmn>3</tmn>
					<tmx>7</tmx>
					<reliability>보통</reliability>
				</data>

				
				<data>
					<mode>A02</mode>
					<tmEf>2018-01-17 12:00</tmEf>
					<wf>구름많음</wf>
					<tmn>3</tmn>
					<tmx>7</tmx>
					<reliability>낮음</reliability>
				</data>

				
				<data>
					<mode>A02</mode>
					<tmEf>2018-01-18 00:00</tmEf>
					<wf>구름조금</wf>
					<tmn>1</tmn>
					<tmx>8</tmx>
					<reliability>보통</reliability>
				</data>

				
				<data>
					<mode>A02</mode>
					<tmEf>2018-01-18 12:00</tmEf>
					<wf>구름조금</wf>
					<tmn>1</tmn>
					<tmx>8</tmx>
					<reliability>보통</reliability>
				</data>

				
				<data>
					<mode>A02</mode>
					<tmEf>2018-01-19 00:00</tmEf>
					<wf>구름조금</wf>
					<tmn>-2</tmn>
					<tmx>6</tmx>
					<reliability>보통</reliability>
				</data>

				
				<data>
					<mode>A02</mode>
					<tmEf>2018-01-19 12:00</tmEf>
					<wf>구름조금</wf>
					<tmn>-2</tmn>
					<tmx>6</tmx>
					<reliability>보통</reliability>
				</data>

				
				<data>
					<mode>A02</mode>
					<tmEf>2018-01-20 00:00</tmEf>
					<wf>구름조금</wf>
					<tmn>-3</tmn>
					<tmx>7</tmx>
					<reliability>보통</reliability>
				</data>

				
				<data>
					<mode>A02</mode>
					<tmEf>2018-01-20 12:00</tmEf>
					<wf>구름조금</wf>
					<tmn>-3</tmn>
					<tmx>7</tmx>
					<reliability>보통</reliability>
				</data>

				
				<data>
					<mode>A02</mode>
					<tmEf>2018-01-21 00:00</tmEf>
					<wf>구름조금</wf>
					<tmn>-4</tmn>
					<tmx>6</tmx>
					<reliability>보통</reliability>
				</data>

				
				<data>
					<mode>A02</mode>
					<tmEf>2018-01-21 12:00</tmEf>
					<wf>구름조금</wf>
					<tmn>-4</tmn>
					<tmx>6</tmx>
					<reliability>보통</reliability>
				</data>

				
				<data>
					<mode>A01</mode>
					<tmEf>2018-01-22 00:00</tmEf>
					<wf>구름많음</wf>
					<tmn>-1</tmn>
					<tmx>5</tmx>
					<reliability>낮음</reliability>
				</data>

				
				<data>
					<mode>A01</mode>
					<tmEf>2018-01-23 00:00</tmEf>
					<wf>구름많음</wf>
					<tmn>-1</tmn>
					<tmx>5</tmx>
					<reliability>보통</reliability>
				</data>

				
				<data>
					<mode>A01</mode>
					<tmEf>2018-01-24 00:00</tmEf>
					<wf>구름조금</wf>
					<tmn>-4</tmn>
					<tmx>1</tmx>
					<reliability>보통</reliability>
				</data>


		</location>

		<location wl_ver="3">
				<province>대구ㆍ경상북도</province>
				<city>안동</city>
				
				<data>
					<mode>A02</mode>
					<tmEf>2018-01-17 00:00</tmEf>
					<wf>흐리고 비</wf>
					<tmn>0</tmn>
					<tmx>6</tmx>
					<reliability>보통</reliability>
				</data>

				
				<data>
					<mode>A02</mode>
					<tmEf>2018-01-17 12:00</tmEf>
					<wf>구름많음</wf>
					<tmn>0</tmn>
					<tmx>6</tmx>
					<reliability>낮음</reliability>
				</data>

				
				<data>
					<mode>A02</mode>
					<tmEf>2018-01-18 00:00</tmEf>
					<wf>구름조금</wf>
					<tmn>0</tmn>
					<tmx>7</tmx>
					<reliability>보통</reliability>
				</data>

				
				<data>
					<mode>A02</mode>
					<tmEf>2018-01-18 12:00</tmEf>
					<wf>구름조금</wf>
					<tmn>0</tmn>
					<tmx>7</tmx>
					<reliability>보통</reliability>
				</data>

				
				<data>
					<mode>A02</mode>
					<tmEf>2018-01-19 00:00</tmEf>
					<wf>구름조금</wf>
					<tmn>-7</tmn>
					<tmx>5</tmx>
					<reliability>보통</reliability>
				</data>

				
				<data>
					<mode>A02</mode>
					<tmEf>2018-01-19 12:00</tmEf>
					<wf>구름조금</wf>
					<tmn>-7</tmn>
					<tmx>5</tmx>
					<reliability>보통</reliability>
				</data>

				
				<data>
					<mode>A02</mode>
					<tmEf>2018-01-20 00:00</tmEf>
					<wf>구름조금</wf>
					<tmn>-6</tmn>
					<tmx>5</tmx>
					<reliability>보통</reliability>
				</data>

				
				<data>
					<mode>A02</mode>
					<tmEf>2018-01-20 12:00</tmEf>
					<wf>구름조금</wf>
					<tmn>-6</tmn>
					<tmx>5</tmx>
					<reliability>보통</reliability>
				</data>

				
				<data>
					<mode>A02</mode>
					<tmEf>2018-01-21 00:00</tmEf>
					<wf>구름조금</wf>
					<tmn>-7</tmn>
					<tmx>5</tmx>
					<reliability>보통</reliability>
				</data>

				
				<data>
					<mode>A02</mode>
					<tmEf>2018-01-21 12:00</tmEf>
					<wf>구름조금</wf>
					<tmn>-7</tmn>
					<tmx>5</tmx>
					<reliability>보통</reliability>
				</data>

				
				<data>
					<mode>A01</mode>
					<tmEf>2018-01-22 00:00</tmEf>
					<wf>구름많음</wf>
					<tmn>-5</tmn>
					<tmx>5</tmx>
					<reliability>낮음</reliability>
				</data>

				
				<data>
					<mode>A01</mode>
					<tmEf>2018-01-23 00:00</tmEf>
					<wf>구름많음</wf>
					<tmn>-4</tmn>
					<tmx>3</tmx>
					<reliability>보통</reliability>
				</data>

				
				<data>
					<mode>A01</mode>
					<tmEf>2018-01-24 00:00</tmEf>
					<wf>구름조금</wf>
					<tmn>-7</tmn>
					<tmx>1</tmx>
					<reliability>보통</reliability>
				</data>


		</location>

		<location wl_ver="3">
				<province>대구ㆍ경상북도</province>
				<city>포항</city>
				
				<data>
					<mode>A02</mode>
					<tmEf>2018-01-17 00:00</tmEf>
					<wf>흐리고 비</wf>
					<tmn>6</tmn>
					<tmx>8</tmx>
					<reliability>보통</reliability>
				</data>

				
				<data>
					<mode>A02</mode>
					<tmEf>2018-01-17 12:00</tmEf>
					<wf>구름많음</wf>
					<tmn>6</tmn>
					<tmx>8</tmx>
					<reliability>낮음</reliability>
				</data>

				
				<data>
					<mode>A02</mode>
					<tmEf>2018-01-18 00:00</tmEf>
					<wf>구름조금</wf>
					<tmn>3</tmn>
					<tmx>10</tmx>
					<reliability>보통</reliability>
				</data>

				
				<data>
					<mode>A02</mode>
					<tmEf>2018-01-18 12:00</tmEf>
					<wf>구름조금</wf>
					<tmn>3</tmn>
					<tmx>10</tmx>
					<reliability>보통</reliability>
				</data>

				
				<data>
					<mode>A02</mode>
					<tmEf>2018-01-19 00:00</tmEf>
					<wf>구름조금</wf>
					<tmn>0</tmn>
					<tmx>8</tmx>
					<reliability>보통</reliability>
				</data>

				
				<data>
					<mode>A02</mode>
					<tmEf>2018-01-19 12:00</tmEf>
					<wf>구름조금</wf>
					<tmn>0</tmn>
					<tmx>8</tmx>
					<reliability>보통</reliability>
				</data>

				
				<data>
					<mode>A02</mode>
					<tmEf>2018-01-20 00:00</tmEf>
					<wf>구름조금</wf>
					<tmn>0</tmn>
					<tmx>8</tmx>
					<reliability>보통</reliability>
				</data>

				
				<data>
					<mode>A02</mode>
					<tmEf>2018-01-20 12:00</tmEf>
					<wf>구름조금</wf>
					<tmn>0</tmn>
					<tmx>8</tmx>
					<reliability>보통</reliability>
				</data>

				
				<data>
					<mode>A02</mode>
					<tmEf>2018-01-21 00:00</tmEf>
					<wf>구름조금</wf>
					<tmn>-2</tmn>
					<tmx>7</tmx>
					<reliability>보통</reliability>
				</data>

				
				<data>
					<mode>A02</mode>
					<tmEf>2018-01-21 12:00</tmEf>
					<wf>구름조금</wf>
					<tmn>-2</tmn>
					<tmx>7</tmx>
					<reliability>보통</reliability>
				</data>

				
				<data>
					<mode>A01</mode>
					<tmEf>2018-01-22 00:00</tmEf>
					<wf>구름많음</wf>
					<tmn>1</tmn>
					<tmx>6</tmx>
					<reliability>낮음</reliability>
				</data>

				
				<data>
					<mode>A01</mode>
					<tmEf>2018-01-23 00:00</tmEf>
					<wf>구름많음</wf>
					<tmn>1</tmn>
					<tmx>5</tmx>
					<reliability>보통</reliability>
				</data>

				
				<data>
					<mode>A01</mode>
					<tmEf>2018-01-24 00:00</tmEf>
					<wf>구름조금</wf>
					<tmn>-3</tmn>
					<tmx>2</tmx>
					<reliability>보통</reliability>
				</data>


		</location>



		<location wl_ver="3">
				<province>제주도</province>
				<city>제주</city>
				
				<data>
					<mode>A02</mode>
					<tmEf>2018-01-17 00:00</tmEf>
					<wf>흐리고 비</wf>
					<tmn>9</tmn>
					<tmx>12</tmx>
					<reliability>보통</reliability>
				</data>

				
				<data>
					<mode>A02</mode>
					<tmEf>2018-01-17 12:00</tmEf>
					<wf>구름많음</wf>
					<tmn>9</tmn>
					<tmx>12</tmx>
					<reliability>낮음</reliability>
				</data>

				
				<data>
					<mode>A02</mode>
					<tmEf>2018-01-18 00:00</tmEf>
					<wf>구름많음</wf>
					<tmn>6</tmn>
					<tmx>9</tmx>
					<reliability>보통</reliability>
				</data>

				
				<data>
					<mode>A02</mode>
					<tmEf>2018-01-18 12:00</tmEf>
					<wf>구름많음</wf>
					<tmn>6</tmn>
					<tmx>9</tmx>
					<reliability>보통</reliability>
				</data>

				
				<data>
					<mode>A02</mode>
					<tmEf>2018-01-19 00:00</tmEf>
					<wf>구름많음</wf>
					<tmn>4</tmn>
					<tmx>8</tmx>
					<reliability>보통</reliability>
				</data>

				
				<data>
					<mode>A02</mode>
					<tmEf>2018-01-19 12:00</tmEf>
					<wf>구름조금</wf>
					<tmn>4</tmn>
					<tmx>8</tmx>
					<reliability>보통</reliability>
				</data>

				
				<data>
					<mode>A02</mode>
					<tmEf>2018-01-20 00:00</tmEf>
					<wf>구름많음</wf>
					<tmn>3</tmn>
					<tmx>9</tmx>
					<reliability>보통</reliability>
				</data>

				
				<data>
					<mode>A02</mode>
					<tmEf>2018-01-20 12:00</tmEf>
					<wf>구름많음</wf>
					<tmn>3</tmn>
					<tmx>9</tmx>
					<reliability>보통</reliability>
				</data>

				
				<data>
					<mode>A02</mode>
					<tmEf>2018-01-21 00:00</tmEf>
					<wf>구름많음</wf>
					<tmn>3</tmn>
					<tmx>9</tmx>
					<reliability>보통</reliability>
				</data>

				
				<data>
					<mode>A02</mode>
					<tmEf>2018-01-21 12:00</tmEf>
					<wf>구름많음</wf>
					<tmn>3</tmn>
					<tmx>9</tmx>
					<reliability>보통</reliability>
				</data>

				
				<data>
					<mode>A01</mode>
					<tmEf>2018-01-22 00:00</tmEf>
					<wf>구름많고 비</wf>
					<tmn>5</tmn>
					<tmx>9</tmx>
					<reliability>보통</reliability>
				</data>

				
				<data>
					<mode>A01</mode>
					<tmEf>2018-01-23 00:00</tmEf>
					<wf>구름많음</wf>
					<tmn>6</tmn>
					<tmx>8</tmx>
					<reliability>보통</reliability>
				</data>

				
				<data>
					<mode>A01</mode>
					<tmEf>2018-01-24 00:00</tmEf>
					<wf>구름많음</wf>
					<tmn>2</tmn>
					<tmx>4</tmx>
					<reliability>보통</reliability>
				</data>


		</location>

		<location wl_ver="3">
				<province>제주도</province>
				<city>서귀포</city>
				
				<data>
					<mode>A02</mode>
					<tmEf>2018-01-17 00:00</tmEf>
					<wf>흐리고 비</wf>
					<tmn>10</tmn>
					<tmx>13</tmx>
					<reliability>보통</reliability>
				</data>

				
				<data>
					<mode>A02</mode>
					<tmEf>2018-01-17 12:00</tmEf>
					<wf>구름많음</wf>
					<tmn>10</tmn>
					<tmx>13</tmx>
					<reliability>낮음</reliability>
				</data>

				
				<data>
					<mode>A02</mode>
					<tmEf>2018-01-18 00:00</tmEf>
					<wf>구름많음</wf>
					<tmn>6</tmn>
					<tmx>11</tmx>
					<reliability>보통</reliability>
				</data>

				
				<data>
					<mode>A02</mode>
					<tmEf>2018-01-18 12:00</tmEf>
					<wf>구름많음</wf>
					<tmn>6</tmn>
					<tmx>11</tmx>
					<reliability>보통</reliability>
				</data>

				
				<data>
					<mode>A02</mode>
					<tmEf>2018-01-19 00:00</tmEf>
					<wf>구름많음</wf>
					<tmn>6</tmn>
					<tmx>10</tmx>
					<reliability>보통</reliability>
				</data>

				
				<data>
					<mode>A02</mode>
					<tmEf>2018-01-19 12:00</tmEf>
					<wf>구름조금</wf>
					<tmn>6</tmn>
					<tmx>10</tmx>
					<reliability>보통</reliability>
				</data>

				
				<data>
					<mode>A02</mode>
					<tmEf>2018-01-20 00:00</tmEf>
					<wf>구름많음</wf>
					<tmn>5</tmn>
					<tmx>10</tmx>
					<reliability>보통</reliability>
				</data>

				
				<data>
					<mode>A02</mode>
					<tmEf>2018-01-20 12:00</tmEf>
					<wf>구름많음</wf>
					<tmn>5</tmn>
					<tmx>10</tmx>
					<reliability>보통</reliability>
				</data>

				
				<data>
					<mode>A02</mode>
					<tmEf>2018-01-21 00:00</tmEf>
					<wf>구름많음</wf>
					<tmn>4</tmn>
					<tmx>11</tmx>
					<reliability>보통</reliability>
				</data>

				
				<data>
					<mode>A02</mode>
					<tmEf>2018-01-21 12:00</tmEf>
					<wf>구름많음</wf>
					<tmn>4</tmn>
					<tmx>11</tmx>
					<reliability>보통</reliability>
				</data>

				
				<data>
					<mode>A01</mode>
					<tmEf>2018-01-22 00:00</tmEf>
					<wf>구름많고 비</wf>
					<tmn>5</tmn>
					<tmx>10</tmx>
					<reliability>보통</reliability>
				</data>

				
				<data>
					<mode>A01</mode>
					<tmEf>2018-01-23 00:00</tmEf>
					<wf>구름많음</wf>
					<tmn>6</tmn>
					<tmx>10</tmx>
					<reliability>보통</reliability>
				</data>

				
				<data>
					<mode>A01</mode>
					<tmEf>2018-01-24 00:00</tmEf>
					<wf>구름많음</wf>
					<tmn>2</tmn>
					<tmx>6</tmx>
					<reliability>보통</reliability>
				</data>


		</location>


	

	</body>
</description>
</item>
</channel>
</rss>	